loss,char_0_loss,char_1_loss,char_2_loss,char_3_loss,char_4_loss,char_5_loss,char_0_accuracy,char_1_accuracy,char_2_accuracy,char_3_accuracy,char_4_accuracy,char_5_accuracy,val_loss,val_char_0_loss,val_char_1_loss,val_char_2_loss,val_char_3_loss,val_char_4_loss,val_char_5_loss,val_char_0_accuracy,val_char_1_accuracy,val_char_2_accuracy,val_char_3_accuracy,val_char_4_accuracy,val_char_5_accuracy,lr,epoch
15.637271881103516,3.937005043029785,3.5255203247070312,2.9108242988586426,2.323421001434326,1.7515958547592163,1.1732559204101562,0.04675000160932541,0.1851312518119812,0.342849999666214,0.49566251039505005,0.6449875235557556,0.7940124869346619,13.784857749938965,3.7966785430908203,3.18794584274292,2.585554599761963,1.9889458417892456,1.4144649505615234,0.7922899127006531,0.08072499930858612,0.20864999294281006,0.3570750057697296,0.5175250172615051,0.6733250021934509,0.831250011920929,0.001,1
11.129781723022461,2.0580430030822754,2.803361177444458,2.3464670181274414,1.839235782623291,1.300027847290039,0.7562853097915649,0.3802500069141388,0.26884374022483826,0.3970375061035156,0.5357000231742859,0.6839625239372253,0.8320000171661377,9.831881523132324,1.457857370376587,2.7307348251342773,2.147453784942627,1.6828901767730713,1.1524710655212402,0.6256414651870728,0.5183500051498413,0.2972249984741211,0.4298250079154968,0.5627250075340271,0.7046250104904175,0.8448749780654907,0.001,2
8.799311637878418,1.1032789945602417,2.2415971755981445,2.0339577198028564,1.6062921285629272,1.1327584981918335,0.638146162033081,0.6500250101089478,0.3864562511444092,0.4562312364578247,0.5752812623977661,0.7068250179290771,0.8418187499046326,11.61390209197998,1.0918300151824951,2.3383383750915527,2.9646689891815186,2.437520742416382,1.7381658554077148,0.9918358325958252,0.6506749987602234,0.3794249892234802,0.3181999921798706,0.4330250024795532,0.5833749771118164,0.752174973487854,0.001,3
7.682121753692627,0.8417479395866394,1.8499324321746826,1.8538687229156494,1.4721227884292603,1.0367010831832886,0.5678661465644836,0.730843722820282,0.4790875017642975,0.4917687475681305,0.5987937450408936,0.7228875160217285,0.8515312671661377,7.292938232421875,0.7301393747329712,1.6488779783248901,1.8252220153808594,1.4505202770233154,1.0198172330856323,0.5501373410224915,0.761775016784668,0.5306000113487244,0.5124499797821045,0.612625002861023,0.7322499752044678,0.8513249754905701,0.001,4
6.972846984863281,0.6996227502822876,1.5944900512695312,1.7339879274368286,1.3833351135253906,0.9729573130607605,0.511802613735199,0.7751749753952026,0.5405750274658203,0.51419997215271,0.6147812604904175,0.7334374785423279,0.8607749938964844,10.800355911254883,1.809272289276123,2.441185235977173,2.5809261798858643,1.8415411710739136,1.298661231994629,0.7436469197273254,0.49935001134872437,0.3825500011444092,0.41987499594688416,0.573074996471405,0.7059249877929688,0.8442249894142151,0.001,5
6.508420467376709,0.6325334906578064,1.4054263830184937,1.6508392095565796,1.325250267982483,0.9306496977806091,0.4695267677307129,0.7953374981880188,0.5891437530517578,0.5296000242233276,0.6238750219345093,0.7419750094413757,0.8687124848365784,16.883214950561523,2.9783263206481934,2.8019027709960938,3.286088705062866,3.3609707355499268,2.7301385402679443,1.6227492094039917,0.33340001106262207,0.3578000068664551,0.4184499979019165,0.5404750108718872,0.6834250092506409,0.834850013256073,0.001,6
6.12800407409668,0.5736232399940491,1.253706693649292,1.5870604515075684,1.274734377861023,0.8966859579086304,0.43006157875061035,0.8140249848365784,0.6299687623977661,0.5422124862670898,0.6334375143051147,0.7477937340736389,0.8765687346458435,12.47459602355957,0.8668630123138428,2.8478353023529053,4.213508605957031,2.3594629764556885,1.401165246963501,0.6648034453392029,0.7406250238418579,0.4368250072002411,0.21402500569820404,0.4424000084400177,0.6472749710083008,0.823199987411499,0.001,7
5.885016441345215,0.5364813208580017,1.1579393148422241,1.5323032140731812,1.2425665855407715,0.8758838176727295,0.4097791016101837,0.824593722820282,0.6543750166893005,0.553475022315979,0.6373999714851379,0.7513250112533569,0.8816249966621399,10.414520263671875,2.140097141265869,2.157191514968872,2.3093807697296143,1.7531298398971558,1.221239447593689,0.6944697499275208,0.4830250144004822,0.4420750141143799,0.42399999499320984,0.5587499737739563,0.6986500024795532,0.8367999792098999,0.001,8
5.685518741607666,0.5048480033874512,1.0817656517028809,1.4874144792556763,1.2204985618591309,0.8576739430427551,0.3855217397212982,0.8339062333106995,0.6756500005722046,0.5620187520980835,0.6402875185012817,0.7545375227928162,0.8874624967575073,51.4773063659668,8.3134765625,5.486784934997559,10.83915901184082,11.367042541503906,9.339599609375,5.974804878234863,0.025325000286102295,0.16985000669956207,0.3342750072479248,0.4985499978065491,0.6661249995231628,0.8309999704360962,0.001,9
5.35152530670166,0.44680657982826233,0.9656358361244202,1.4241116046905518,1.1737887859344482,0.8263970017433167,0.35572177171707153,0.8516374826431274,0.7062374949455261,0.5751875042915344,0.6470062732696533,0.7589625120162964,0.8949750065803528,4.253812789916992,0.20463910698890686,0.5840684771537781,1.1870449781417847,1.020143747329712,0.7411400675773621,0.3551466763019562,0.9178749918937683,0.802299976348877,0.6018999814987183,0.6620000004768372,0.770675003528595,0.8883000016212463,0.0005,10
5.232352256774902,0.43377166986465454,0.9205459952354431,1.4004312753677368,1.155709147453308,0.8135417699813843,0.34404635429382324,0.8552062511444092,0.7182437777519226,0.580299973487854,0.6492312550544739,0.7609312534332275,0.8974624872207642,4.2445502281188965,0.23363935947418213,0.6508543491363525,1.2013524770736694,1.0301095247268677,0.7155999541282654,0.24596631526947021,0.9059500098228455,0.7871999740600586,0.6060000061988831,0.6592749953269958,0.7767249941825867,0.9248499870300293,0.0005,11
5.1609883308410645,0.4271926283836365,0.9013032913208008,1.3842355012893677,1.1447094678878784,0.8027059435844421,0.3311120867729187,0.8567562699317932,0.7242187261581421,0.584918737411499,0.6522125005722046,0.76314377784729,0.9021375179290771,4.002945423126221,0.19571533799171448,0.5537899136543274,1.1710323095321655,1.003354549407959,0.6898196339607239,0.21680942177772522,0.9176750183105469,0.8058750033378601,0.6105250120162964,0.6656000018119812,0.7828999757766724,0.9296500086784363,0.0005,12
5.1224045753479,0.42510128021240234,0.879885733127594,1.3770220279693604,1.1383373737335205,0.8024200201034546,0.32436978816986084,0.857506275177002,0.7309874892234802,0.5857124924659729,0.6518437266349792,0.7637312412261963,0.9027875065803528,8.487235069274902,0.29154452681541443,1.1203622817993164,2.7780263423919678,2.082561492919922,1.3105672597885132,0.7262031435966492,0.8901249766349792,0.7158250212669373,0.4167749881744385,0.5076500177383423,0.6672999858856201,0.8323500156402588,0.0005,13
5.079185962677002,0.4204094111919403,0.8609381914138794,1.365110993385315,1.1333147287368774,0.7986343502998352,0.3199605941772461,0.8595625162124634,0.7363499999046326,0.5888312458992004,0.6531062722206116,0.7646312713623047,0.904268741607666,6.249143123626709,0.6892555952072144,1.0461063385009766,1.6233059167861938,1.3564993143081665,0.9345496892929077,0.41584086418151855,0.7995250225067139,0.6928250193595886,0.5270249843597412,0.5994250178337097,0.7281500101089478,0.8820000290870667,0.0005,14
5.045469284057617,0.4126485288143158,0.8491091728210449,1.357703685760498,1.1283764839172363,0.7950785756111145,0.31600314378738403,0.8613250255584717,0.7402312755584717,0.5907312631607056,0.6540625095367432,0.7650625109672546,0.9057062268257141,4.433010101318359,0.3541254997253418,0.6469072103500366,1.2280768156051636,1.0395562648773193,0.7214340567588806,0.253330796957016,0.8725500106811523,0.7853000164031982,0.6003000140190125,0.6601750254631042,0.7756500244140625,0.9221000075340271,0.0005,15
4.992776393890381,0.4074789881706238,0.8303380608558655,1.3476475477218628,1.1197820901870728,0.7888361215591431,0.30632883310317993,0.8623312711715698,0.7449687719345093,0.5930250287055969,0.6556375026702881,0.7659187316894531,0.9078812599182129,4.224924087524414,0.23269140720367432,0.5850180983543396,1.1962525844573975,1.0364289283752441,0.7245900630950928,0.2547983229160309,0.9111250042915344,0.803475022315979,0.5998749732971191,0.6553000211715698,0.7661499977111816,0.9218000173568726,0.0005,16
4.958542346954346,0.40162381529808044,0.8154017925262451,1.33248770236969,1.119493007659912,0.7880744338035583,0.30342528223991394,0.8652937412261963,0.7494500279426575,0.5952875018119812,0.6547499895095825,0.7665749788284302,0.9086687564849854,3.922645330429077,0.19315142929553986,0.5429642796516418,1.1426533460617065,0.9770769476890564,0.6711760759353638,0.19472429156303406,0.9200999736785889,0.818149983882904,0.6128249764442444,0.666700005531311,0.7859749794006348,0.93954998254776,0.0005,17
4.9242262840271,0.3981556296348572,0.7983275055885315,1.3281331062316895,1.1134326457977295,0.7832835912704468,0.29915767908096313,0.8657187223434448,0.7540624737739563,0.5973812341690063,0.6555812358856201,0.7683312296867371,0.910743772983551,3.7762796878814697,0.1715981513261795,0.48509761691093445,1.115604043006897,0.9597724676132202,0.656586229801178,0.18107162415981293,0.9264749884605408,0.8347499966621399,0.6216750144958496,0.6714500188827515,0.7901750206947327,0.9436500072479248,0.0005,18
4.919862270355225,0.404499888420105,0.800622284412384,1.3251618146896362,1.108427882194519,0.7803285121917725,0.2914336919784546,0.8651562333106995,0.7549750208854675,0.5983874797821045,0.6572812795639038,0.7676812410354614,0.9121875166893005,3.791398525238037,0.18984177708625793,0.4812619984149933,1.0998588800430298,0.9648560285568237,0.6644416451454163,0.17893461883068085,0.9203000068664551,0.8365749716758728,0.630774974822998,0.6719250082969666,0.7887499928474426,0.9462500214576721,0.0005,19
4.874713897705078,0.39398226141929626,0.7795059680938721,1.3176189661026,1.1043267250061035,0.7732595801353455,0.29107069969177246,0.8679062724113464,0.7592187523841858,0.5989437699317932,0.6581687331199646,0.769587516784668,0.9123625159263611,3.9084575176239014,0.19818922877311707,0.5271551012992859,1.1114104986190796,0.9717070460319519,0.6785597801208496,0.20365047454833984,0.918025016784668,0.8273749947547913,0.627174973487854,0.6710000038146973,0.7821499705314636,0.9392750263214111,0.0005,20
4.849137783050537,0.3902653157711029,0.7727856636047363,1.3091204166412354,1.100072979927063,0.7730001211166382,0.28349459171295166,0.8679312467575073,0.7618125081062317,0.6025875210762024,0.6582687497138977,0.7693437337875366,0.9153187274932861,3.7333476543426514,0.1856810301542282,0.4658803343772888,1.0764307975769043,0.9536160230636597,0.6563564538955688,0.1722981184720993,0.9217000007629395,0.8413749933242798,0.6304500102996826,0.671625018119812,0.7897499799728394,0.9451000094413757,0.0005,21
4.851221561431885,0.39657533168792725,0.7690508961677551,1.3067331314086914,1.098395824432373,0.7745816707611084,0.2802552282810211,0.8673250079154968,0.7641749978065491,0.6038437485694885,0.6579062342643738,0.7684124708175659,0.9157562255859375,6.977463245391846,0.7774616479873657,1.2661480903625488,1.6450965404510498,1.4275133609771729,1.0420618057250977,0.5907909870147705,0.765250027179718,0.6470000147819519,0.5416749715805054,0.6297000050544739,0.7482749819755554,0.8930749893188477,0.0005,22
4.853011608123779,0.3997896611690521,0.7661164402961731,1.3070437908172607,1.0993238687515259,0.7710853219032288,0.27866777777671814,0.866225004196167,0.764549970626831,0.6021249890327454,0.6580562591552734,0.7699937224388123,0.9163500070571899,3.7881555557250977,0.1833750158548355,0.4835335910320282,1.0897619724273682,0.9595708847045898,0.6637758016586304,0.17450501024723053,0.9241499900817871,0.8360999822616577,0.6276000142097473,0.671875,0.7902500033378601,0.9460999965667725,0.0005,23
4.828571796417236,0.3932516872882843,0.7586068511009216,1.3020832538604736,1.0952168703079224,0.7667123675346375,0.27658364176750183,0.8680499792098999,0.7658312320709229,0.6027812361717224,0.6589687466621399,0.7712187767028809,0.9173562526702881,3.7394566535949707,0.17611899971961975,0.46913081407546997,1.086444616317749,0.9427751898765564,0.6570616960525513,0.16920112073421478,0.9233250021934509,0.8397250175476074,0.6312999725341797,0.6744499802589417,0.7903000116348267,0.9473000168800354,0.0005,24
4.794416904449463,0.3877158463001251,0.746013879776001,1.2925925254821777,1.089631199836731,0.7671727538108826,0.2700052559375763,0.868918776512146,0.7701125144958496,0.6059499979019165,0.659974992275238,0.7701125144958496,0.9190875291824341,3.643967628479004,0.17844921350479126,0.433394193649292,1.0531538724899292,0.935210645198822,0.6469510793685913,0.1529906839132309,0.9237499833106995,0.8491250276565552,0.6346250176429749,0.675125002861023,0.7943500280380249,0.9523249864578247,0.0005,25
4.772122859954834,0.3845307230949402,0.7350738048553467,1.2872165441513062,1.084718108177185,0.7621854543685913,0.2721561789512634,0.8707437515258789,0.7723374962806702,0.6069375276565552,0.6608499884605408,0.7715874910354614,0.9178375005722046,3.6106207370758057,0.17039453983306885,0.4165310561656952,1.043806791305542,0.931101381778717,0.6460716724395752,0.15409043431282043,0.9258249998092651,0.8530499935150146,0.6349999904632568,0.6750249862670898,0.7928749918937683,0.9524499773979187,0.0005,26
4.736255645751953,0.377961128950119,0.7264933586120605,1.2809666395187378,1.079246997833252,0.7577343583106995,0.26291340589523315,0.8716624975204468,0.7762187719345093,0.6086687445640564,0.6605687737464905,0.7724937796592712,0.920856237411499,3.6038448810577393,0.16513118147850037,0.4191378355026245,1.0537352561950684,0.929514467716217,0.6396803855895996,0.14339515566825867,0.9279749989509583,0.8527250289916992,0.6360250115394592,0.6775000095367432,0.7941499948501587,0.95455002784729,0.0005,27
4.733479022979736,0.3784352242946625,0.7243108749389648,1.272302269935608,1.0818182229995728,0.7583543062210083,0.2626103162765503,0.8721937537193298,0.7741687297821045,0.6116437315940857,0.6601750254631042,0.772724986076355,0.9214624762535095,3.558096170425415,0.17066621780395508,0.3970733880996704,1.0356566905975342,0.9219403266906738,0.6370059847831726,0.13776065409183502,0.9254500269889832,0.8587999939918518,0.637624979019165,0.6768500208854675,0.7970749735832214,0.9574499726295471,0.0005,28
4.724656581878662,0.3757686913013458,0.7222681641578674,1.2712633609771729,1.0773746967315674,0.7556966543197632,0.26209384202957153,0.8731687664985657,0.7765937447547913,0.6112250089645386,0.6604874730110168,0.7722625136375427,0.9217437505722046,3.557030439376831,0.16343460977077484,0.3876434564590454,1.02106773853302,0.918364942073822,0.6406977772712708,0.16338931024074554,0.9283750057220459,0.8623999953269958,0.6449750065803528,0.6760749816894531,0.7946249842643738,0.9476749897003174,0.0005,29
4.706410884857178,0.37423449754714966,0.7123534679412842,1.2669000625610352,1.0748878717422485,0.7547004222869873,0.2586164176464081,0.8732312321662903,0.7780625224113464,0.6119312644004822,0.6615999937057495,0.7730437517166138,0.9223437309265137,3.962333917617798,0.23094268143177032,0.49555063247680664,1.1053438186645508,0.9798819422721863,0.6824726462364197,0.20124037563800812,0.9072750210762024,0.833050012588501,0.6253250241279602,0.6682000160217285,0.7857249975204468,0.9379000067710876,0.0005,30
4.6993560791015625,0.37392473220825195,0.7076323628425598,1.261842131614685,1.0759968757629395,0.751968502998352,0.25889861583709717,0.8736374974250793,0.7801437377929688,0.612906277179718,0.660868763923645,0.7735375165939331,0.9222124814987183,3.622067928314209,0.16945914924144745,0.41665321588516235,1.0306788682937622,0.9315694570541382,0.6454266905784607,0.15696166455745697,0.9257000088691711,0.8551750183105469,0.6463500261306763,0.6774500012397766,0.7955250144004822,0.9493749737739563,0.0005,31
4.684601306915283,0.3722284436225891,0.7009973526000977,1.2615759372711182,1.0716423988342285,0.7498281002044678,0.25499847531318665,0.8747687339782715,0.7820000052452087,0.6141437292098999,0.6619437336921692,0.7737874984741211,0.9229187369346619,3.803237199783325,0.2098536342382431,0.4549882411956787,1.0796793699264526,0.9606857299804688,0.6597917675971985,0.162754088640213,0.9125999808311462,0.8453500270843506,0.6349499821662903,0.6705999970436096,0.7894999980926514,0.9520000219345093,0.0005,32
4.68574857711792,0.37585335969924927,0.6982401609420776,1.2576136589050293,1.0716830492019653,0.7527656555175781,0.2520911693572998,0.8732062578201294,0.7835249900817871,0.6142500042915344,0.6621687412261963,0.7736750245094299,0.925475001335144,3.538795232772827,0.1665165275335312,0.37927278876304626,1.0232594013214111,0.9165167808532715,0.6360468864440918,0.13770565390586853,0.9284250140190125,0.8675749897956848,0.6461499929428101,0.6796000003814697,0.7965250015258789,0.9573500156402588,0.0005,33
4.664796829223633,0.3692744970321655,0.6945348978042603,1.2517365217208862,1.0694552659988403,0.7495377659797668,0.24893508851528168,0.8736500144004822,0.7848125100135803,0.6164875030517578,0.6622687578201294,0.7736999988555908,0.9257687330245972,3.4951672554016113,0.16197358071804047,0.3630959093570709,1.0030239820480347,0.9092728495597839,0.634253203868866,0.14023110270500183,0.9290249943733215,0.8688499927520752,0.6495749950408936,0.6800000071525574,0.7961249947547913,0.9546250104904175,0.0005,34
4.644735336303711,0.36769962310791016,0.6841866970062256,1.247254729270935,1.0657528638839722,0.7474007606506348,0.24718499183654785,0.874750018119812,0.7868750095367432,0.6168937683105469,0.6621749997138977,0.774150013923645,0.9259562492370605,3.5454819202423096,0.1719990074634552,0.38405632972717285,1.0173040628433228,0.9187987446784973,0.6330840587615967,0.13307596743106842,0.9251999855041504,0.8639749884605408,0.6433500051498413,0.6763749718666077,0.7962750196456909,0.9576500058174133,0.0005,35
4.631051063537598,0.36545121669769287,0.6770428419113159,1.2446037530899048,1.0638933181762695,0.7442679405212402,0.246627077460289,0.8752250075340271,0.789900004863739,0.6181874871253967,0.6631500124931335,0.7752249836921692,0.9257437586784363,3.5496323108673096,0.16891762614250183,0.38975152373313904,1.0271297693252563,0.9168309569358826,0.6267567873001099,0.12915141880512238,0.9252499938011169,0.8608250021934509,0.644474983215332,0.6797249913215637,0.7961000204086304,0.9591749906539917,0.0005,36
4.626416206359863,0.3653973340988159,0.6754459738731384,1.2384727001190186,1.066147804260254,0.7434330582618713,0.24469304084777832,0.8754749894142151,0.7896999716758728,0.6194624900817871,0.6636000275611877,0.775362491607666,0.9266687631607056,3.491819143295288,0.16040392220020294,0.36429035663604736,0.9976878762245178,0.9125605225563049,0.6322996616363525,0.1298886090517044,0.930649995803833,0.8685749769210815,0.653249979019165,0.6763250231742859,0.7956500053405762,0.9602749943733215,0.0005,37
4.617388725280762,0.3662593960762024,0.6669259071350098,1.236877679824829,1.0633870363235474,0.7431761026382446,0.2442614734172821,0.8751375079154968,0.791949987411499,0.6208000183105469,0.663168728351593,0.7752000093460083,0.9270187616348267,3.4906082153320312,0.16801367700099945,0.3598303496837616,1.0019471645355225,0.9100315570831299,0.6276459693908691,0.12484746426343918,0.9275749921798706,0.8712499737739563,0.6507499814033508,0.6779999732971191,0.7981500029563904,0.9610750079154968,0.0005,38
4.6030354499816895,0.361711710691452,0.6615847945213318,1.236051082611084,1.0590609312057495,0.7428827881813049,0.24183723330497742,0.8768812417984009,0.7942125201225281,0.6192499995231628,0.66449373960495,0.7748437523841858,0.9278062582015991,3.5931999683380127,0.17214354872703552,0.41492655873298645,1.0071074962615967,0.9288769364356995,0.6360557675361633,0.13249799609184265,0.9257749915122986,0.8547000288963318,0.6505500078201294,0.6712250113487244,0.795074999332428,0.958549976348877,0.0005,39
4.597137451171875,0.36152005195617676,0.6597248315811157,1.2308815717697144,1.0588078498840332,0.7399895787239075,0.2429569810628891,0.877037525177002,0.7935687303543091,0.6228125095367432,0.6635937690734863,0.7762249708175659,0.9275562763214111,3.5926895141601562,0.18072529137134552,0.40726491808891296,1.010203242301941,0.9261187314987183,0.6336914300918579,0.12979908287525177,0.9221000075340271,0.8547999858856201,0.6491249799728394,0.6721500158309937,0.7969250082969666,0.9579499959945679,0.0005,40
4.589915752410889,0.3604995608329773,0.6577981114387512,1.2269511222839355,1.0584415197372437,0.7391533851623535,0.24051935970783234,0.8779625296592712,0.7941374778747559,0.6222125291824341,0.6633687615394592,0.7762125134468079,0.9286624789237976,4.173675060272217,0.25737813115119934,0.6091976761817932,1.1061989068984985,0.9971952438354492,0.6892254948616028,0.20628713071346283,0.8985000252723694,0.8102750182151794,0.6315500140190125,0.6639750003814697,0.78267502784729,0.9405500292778015,0.0005,41
4.578400611877441,0.35997408628463745,0.6540231704711914,1.2220152616500854,1.057687759399414,0.736859142780304,0.23805712163448334,0.8779625296592712,0.7955937385559082,0.6243500113487244,0.663687527179718,0.7756749987602234,0.9291687607765198,3.5433506965637207,0.1671084463596344,0.3890148401260376,0.9900959730148315,0.9209784865379333,0.632931649684906,0.1318814754486084,0.9284999966621399,0.8629500269889832,0.6517249941825867,0.6742249727249146,0.7957249879837036,0.9586250185966492,0.0005,42
4.5645036697387695,0.35561081767082214,0.6499821543693542,1.2169989347457886,1.0529359579086304,0.7377793192863464,0.2382485419511795,0.879031240940094,0.7959562540054321,0.6245562434196472,0.6644062399864197,0.7757687568664551,0.9290187358856201,3.470686674118042,0.16796554625034332,0.3565230071544647,0.9766544699668884,0.9116426706314087,0.6237186789512634,0.1196734830737114,0.9263250231742859,0.8719000220298767,0.6544250249862671,0.6759750247001648,0.7980750203132629,0.9609500169754028,0.0005,43
4.560675144195557,0.35654693841934204,0.6458617448806763,1.2148305177688599,1.0566632747650146,0.7373548150062561,0.2333594262599945,0.8785125017166138,0.797056257724762,0.6262562274932861,0.6633250117301941,0.777218759059906,0.930581271648407,3.603264093399048,0.18603397905826569,0.40609312057495117,0.9988616108894348,0.9267956018447876,0.6335686445236206,0.1343788057565689,0.9193750023841858,0.8579999804496765,0.6523000001907349,0.6725749969482422,0.7961000204086304,0.9577500224113464,0.0005,44
4.559271335601807,0.3609185516834259,0.6450928449630737,1.2109745740890503,1.054591178894043,0.7371584177017212,0.2317095398902893,0.8785187602043152,0.7993249893188477,0.6281687617301941,0.6646124720573425,0.7769312262535095,0.9303500056266785,3.3890671730041504,0.15479400753974915,0.32954588532447815,0.9448655247688293,0.9028214812278748,0.6210547685623169,0.11572951823472977,0.9300500154495239,0.8812249898910522,0.6693750023841858,0.6777499914169312,0.7983750104904175,0.9635000228881836,0.0005,45
4.545832633972168,0.35750725865364075,0.6412646174430847,1.2044637203216553,1.0529085397720337,0.7326256036758423,0.2354513704776764,0.8771499991416931,0.7998062372207642,0.6283375024795532,0.6641437411308289,0.7781937718391418,0.9294937252998352,3.5053727626800537,0.16888393461704254,0.3743876814842224,0.9767016768455505,0.9175238013267517,0.6259762644767761,0.1189500093460083,0.9264000058174133,0.865975022315979,0.6594250202178955,0.675849974155426,0.800849974155426,0.9627749919891357,0.0005,46
4.538500785827637,0.35849106311798096,0.6380051970481873,1.2012358903884888,1.0510374307632446,0.7325766682624817,0.23288388550281525,0.8783812522888184,0.8004562258720398,0.6302375197410583,0.6644687652587891,0.7780937552452087,0.9303249716758728,3.444977045059204,0.16148966550827026,0.3380587100982666,0.9583065509796143,0.9075093865394592,0.6295374035835266,0.12429981678724289,0.9289500117301941,0.8770999908447266,0.6663500070571899,0.680400013923645,0.7990000247955322,0.9596499800682068,0.0005,47
4.528974533081055,0.3631928265094757,0.628074586391449,1.1944043636322021,1.0549143552780151,0.7307686805725098,0.23052023351192474,0.8757312297821045,0.8041999936103821,0.6324250102043152,0.6630187630653381,0.779075026512146,0.9307562708854675,3.423003911972046,0.16803468763828278,0.33604633808135986,0.9422966837882996,0.9051293730735779,0.6266855597496033,0.11642905324697495,0.9279999732971191,0.8791249990463257,0.6680750250816345,0.6766250133514404,0.7997249960899353,0.9628250002861023,0.0005,48
4.528263092041016,0.36585626006126404,0.6268923282623291,1.1925504207611084,1.050816297531128,0.7294341325759888,0.23299206793308258,0.8754687309265137,0.8035249710083008,0.6328125,0.6646624803543091,0.7780749797821045,0.9306250214576721,3.6698644161224365,0.1820458471775055,0.3913910984992981,1.0183418989181519,0.9324585199356079,0.6434551477432251,0.1712232232093811,0.9215750098228455,0.860925018787384,0.6480249762535095,0.6719499826431274,0.7893249988555908,0.9479749798774719,0.0005,49
4.521609306335449,0.3629292845726013,0.6270783543586731,1.1890616416931152,1.0485550165176392,0.7326160669326782,0.22911286354064941,0.8772875070571899,0.8035687208175659,0.6333500146865845,0.6658750176429749,0.778737485408783,0.9319937229156494,3.3748764991760254,0.15477485954761505,0.3207642436027527,0.9354013800621033,0.899147629737854,0.6185449361801147,0.11271587014198303,0.9311000108718872,0.8833000063896179,0.6737499833106995,0.6797000169754028,0.8009250164031982,0.9639000296592712,0.0005,50
4.497996807098389,0.3585212528705597,0.6173538565635681,1.1819772720336914,1.0499181747436523,0.727988064289093,0.22757700085639954,0.8786875009536743,0.8062562346458435,0.6342625021934509,0.6643624901771545,0.7787874937057495,0.9324187636375427,3.419736623764038,0.1590918004512787,0.3454021215438843,0.9354569315910339,0.9059731364250183,0.6215177774429321,0.11653999984264374,0.930400013923645,0.8773999810218811,0.6738749742507935,0.6743500232696533,0.7988749742507935,0.9623249769210815,0.0005,51
4.5049543380737305,0.3599373400211334,0.6148679852485657,1.1820236444473267,1.0526354312896729,0.7267592549324036,0.23170524835586548,0.877818763256073,0.8075249791145325,0.6361874938011169,0.6640499830245972,0.7789312601089478,0.9309937357902527,3.394923448562622,0.16006149351596832,0.31427255272865295,0.9293344020843506,0.9052466750144958,0.6196641325950623,0.12803857028484344,0.9297500252723694,0.8844249844551086,0.6727499961853027,0.6779749989509583,0.7976250052452087,0.9591749906539917,0.0005,52
4.495190143585205,0.36004146933555603,0.6168015599250793,1.175382375717163,1.0510069131851196,0.7265110611915588,0.22597692906856537,0.8770999908447266,0.8069875240325928,0.6381812691688538,0.6643062233924866,0.7780812382698059,0.9322562217712402,3.491603136062622,0.17385102808475494,0.35862475633621216,0.9357461929321289,0.9154343605041504,0.6309666633605957,0.1363496333360672,0.927049994468689,0.8733749985694885,0.6707000136375427,0.6747999787330627,0.7977499961853027,0.9556000232696533,0.0005,53
4.476665496826172,0.3584442734718323,0.6083034873008728,1.1676241159439087,1.046391248703003,0.7273803353309631,0.22678999602794647,0.8786812424659729,0.8090624809265137,0.6383625268936157,0.663349986076355,0.7790312767028809,0.9320999979972839,3.392245292663574,0.1645117849111557,0.3282133936882019,0.9241923689842224,0.9057012796401978,0.617407500743866,0.10935361683368683,0.9280750155448914,0.8815749883651733,0.6722999811172485,0.6774749755859375,0.7997499704360962,0.9639250040054321,0.0005,54
4.471603870391846,0.3569188714027405,0.6076491475105286,1.168076753616333,1.0468209981918335,0.7246115207672119,0.2236257791519165,0.8783562779426575,0.8083375096321106,0.6406312584877014,0.6660062670707703,0.7796562314033508,0.9328937530517578,3.3243002891540527,0.15381024777889252,0.3013226389884949,0.9036811590194702,0.897092878818512,0.6115507483482361,0.11178680509328842,0.9314249753952026,0.8867999911308289,0.6775000095367432,0.6788250207901001,0.8015000224113464,0.963949978351593,0.0005,55
4.468287467956543,0.3562823534011841,0.6053355932235718,1.1621416807174683,1.0473817586898804,0.7253260612487793,0.22569409012794495,0.8792625069618225,0.8108500242233276,0.6421187520027161,0.6655937433242798,0.7798812389373779,0.9327437281608582,5.662912368774414,0.2929355502128601,0.868097186088562,1.4314781427383423,1.3399862051010132,0.9570835828781128,0.4261718690395355,0.9032750129699707,0.7645000219345093,0.5845999717712402,0.6006749868392944,0.7257750034332275,0.8996250033378601,0.0005,56
4.46926212310791,0.35621005296707153,0.6018727421760559,1.1614819765090942,1.0513720512390137,0.7264084219932556,0.22365717589855194,0.8788187503814697,0.8113499879837036,0.6431562304496765,0.6647250056266785,0.7798187732696533,0.9330000281333923,3.405693292617798,0.16175353527069092,0.3243910074234009,0.9178025126457214,0.9175736308097839,0.6174018979072571,0.11745556443929672,0.9296249747276306,0.8814499974250793,0.677174985408783,0.6721500158309937,0.7993249893188477,0.9623749852180481,0.0005,57
4.453845024108887,0.3583579957485199,0.5960789322853088,1.1552821397781372,1.0470600128173828,0.7213444113731384,0.22547869384288788,0.8790249824523926,0.8137187361717224,0.6438999772071838,0.6639500260353088,0.7817937731742859,0.9323999881744385,5.349512100219727,0.19309021532535553,0.8038520216941833,1.346976399421692,1.2662116289138794,0.9280689358711243,0.45997339487075806,0.9200999736785889,0.7918750047683716,0.5950750112533569,0.6017500162124634,0.7129499912261963,0.8730000257492065,0.0005,58
4.442997455596924,0.3558371961116791,0.595860481262207,1.1532267332077026,1.0451209545135498,0.7200320363044739,0.22056247293949127,0.8785750269889832,0.8124750256538391,0.6448437571525574,0.6649812459945679,0.7811625003814697,0.933287501335144,3.375978469848633,0.15861278772354126,0.30156174302101135,0.8958239555358887,0.9073330760002136,0.625973641872406,0.13328038156032562,0.9304249882698059,0.88919997215271,0.6846250295639038,0.6760749816894531,0.796999990940094,0.9553750157356262,0.0005,59
4.445354461669922,0.3534868061542511,0.593874454498291,1.1482059955596924,1.0483824014663696,0.7246575355529785,0.22228960692882538,0.8798999786376953,0.8146687746047974,0.6462937593460083,0.6633750200271606,0.780174970626831,0.9332437515258789,3.2761285305023193,0.15772758424282074,0.2891792953014374,0.8686903119087219,0.8941437602043152,0.6078643202781677,0.10287012904882431,0.9297000169754028,0.8932250142097473,0.6941999793052673,0.6809750199317932,0.8012499809265137,0.9668999910354614,0.0005,60
4.438325881958008,0.3518715500831604,0.5911124348640442,1.147596836090088,1.0431069135665894,0.7221961617469788,0.22574900090694427,0.8810250163078308,0.8133624792098999,0.6457124948501587,0.6671562790870667,0.7800999879837036,0.933537483215332,3.3406472206115723,0.17466159164905548,0.3049599230289459,0.8773947954177856,0.9016616344451904,0.6149956583976746,0.10927704721689224,0.9242249727249146,0.8885250091552734,0.692550003528595,0.6792250275611877,0.8025749921798706,0.9640499949455261,0.0005,61
4.41227912902832,0.35012009739875793,0.5878683924674988,1.133339524269104,1.0439037084579468,0.7190970182418823,0.21947623789310455,0.8798999786376953,0.8154500126838684,0.6503437757492065,0.6654124855995178,0.7811999917030334,0.9343125224113464,3.5945682525634766,0.19395200908184052,0.3837815821170807,0.9397650361061096,0.9393636584281921,0.6371129751205444,0.14133353531360626,0.9181249737739563,0.8669999837875366,0.6707000136375427,0.6702250242233276,0.7940750122070312,0.9552249908447266,0.0005,62
4.435448169708252,0.3541322946548462,0.5901449918746948,1.1371798515319824,1.0506603717803955,0.7206357717514038,0.22254101932048798,0.879800021648407,0.8143875002861023,0.648687481880188,0.6647062301635742,0.7804812788963318,0.933662474155426,3.4854848384857178,0.1673426777124405,0.3566695749759674,0.9018132090568542,0.9249474406242371,0.6378199458122253,0.1358707696199417,0.928475022315979,0.8769749999046326,0.6896499991416931,0.6726250052452087,0.7965499758720398,0.956125020980835,0.0005,63
4.415640830993652,0.3539298474788666,0.5867658257484436,1.1332114934921265,1.0457807779312134,0.7146839499473572,0.21953363716602325,0.8791812658309937,0.8162624835968018,0.6507999897003174,0.6657062768936157,0.78168123960495,0.9341375231742859,3.3190879821777344,0.1591324806213379,0.2999243438243866,0.869687020778656,0.90084308385849,0.6134369373321533,0.11344871670007706,0.9312999844551086,0.8881000280380249,0.6937249898910522,0.6786749958992004,0.8009750247001648,0.9629499912261963,0.0005,64
4.405646324157715,0.355060338973999,0.587481677532196,1.1305131912231445,1.0373831987380981,0.716047465801239,0.21595102548599243,0.8793437480926514,0.8149312734603882,0.6509687304496765,0.6674875020980835,0.78267502784729,0.9351937770843506,3.3379268646240234,0.17070354521274567,0.32494309544563293,0.868741512298584,0.8950978517532349,0.6098531484603882,0.10466089844703674,0.9269750118255615,0.8842750191688538,0.6974499821662903,0.6819249987602234,0.8028249740600586,0.9666000008583069,0.0005,65
4.284018516540527,0.3304280638694763,0.5531883239746094,1.0991170406341553,1.0273218154907227,0.7045448422431946,0.20569372177124023,0.8858875036239624,0.8230437636375427,0.6592749953269958,0.6680312752723694,0.7846624851226807,0.9372749924659729,95.08999633789062,0.8461383581161499,7.97622013092041,20.174989700317383,22.22964859008789,19.632020950317383,23.867460250854492,0.7975749969482422,0.5410500168800354,0.3188750147819519,0.2957499921321869,0.3551500141620636,0.44699999690055847,0.00025,66
4.281773567199707,0.3372134566307068,0.55229651927948,1.092166543006897,1.022279143333435,0.7045673727989197,0.20997673273086548,0.885756254196167,0.8241249918937683,0.6610187292098999,0.6689687371253967,0.784068763256073,0.9380124807357788,3.179957151412964,0.14512796700000763,0.2712983787059784,0.8228605389595032,0.8838698267936707,0.5977978706359863,0.09588996320962906,0.9336249828338623,0.8998749852180481,0.7089999914169312,0.679099977016449,0.8050500154495239,0.9690499901771545,0.00025,67
4.246466636657715,0.324066162109375,0.5414104461669922,1.0872236490249634,1.024739384651184,0.7012186050415039,0.20479723811149597,0.8880249857902527,0.8271874785423279,0.6626750230789185,0.6687250137329102,0.7853562235832214,0.9385374784469604,3.2303755283355713,0.15792566537857056,0.2906307876110077,0.8269806504249573,0.8887114524841309,0.6031369566917419,0.10005921125411987,0.930525004863739,0.8951500058174133,0.7045750021934509,0.6779749989509583,0.8039000034332275,0.9680250287055969,0.00025,68
4.235080242156982,0.3288711607456207,0.5421674251556396,1.0781748294830322,1.0206053256988525,0.6989771723747253,0.20349378883838654,0.8867499828338623,0.8264062404632568,0.664312481880188,0.6697250008583069,0.7856374979019165,0.9384437203407288,3.176079034805298,0.14654502272605896,0.27472275495529175,0.8060635328292847,0.8809919953346252,0.604057788848877,0.10101944208145142,0.9331750273704529,0.8965749740600586,0.7139750123023987,0.6790249943733215,0.8033249974250793,0.966949999332428,0.00025,69
4.2191619873046875,0.32139748334884644,0.5415070056915283,1.0758050680160522,1.0176589488983154,0.6987842917442322,0.20152278244495392,0.8885687589645386,0.8263062238693237,0.6660312414169312,0.6699249744415283,0.7856937646865845,0.940012514591217,3.1077146530151367,0.13967463374137878,0.25764715671539307,0.7935011982917786,0.8709310293197632,0.5928320288658142,0.09079498052597046,0.9355999827384949,0.9035249948501587,0.7146999835968018,0.6844750046730042,0.8068000078201294,0.9701250195503235,0.00025,70
4.251906871795654,0.3280735909938812,0.5491209626197815,1.0776540040969849,1.0250999927520752,0.7010561227798462,0.20861537754535675,0.8870312571525574,0.8261562585830688,0.6654687523841858,0.6684687733650208,0.7852437496185303,0.9380812644958496,3.242783546447754,0.1521085798740387,0.304695725440979,0.8376477360725403,0.8869438767433167,0.6005139350891113,0.09863380342721939,0.9345750212669373,0.8881999850273132,0.7018250226974487,0.680649995803833,0.8052499890327454,0.9681000113487244,0.00025,71
4.219281196594238,0.3256029486656189,0.5433029532432556,1.072798490524292,1.0174980163574219,0.696550726890564,0.20142431557178497,0.8874874711036682,0.8278625011444092,0.664956271648407,0.6689375042915344,0.7864437699317932,0.9388437271118164,3.2923245429992676,0.157761350274086,0.30788448452949524,0.8492637872695923,0.8968819379806519,0.6112919449806213,0.10725978761911392,0.9303749799728394,0.8899750113487244,0.7106000185012817,0.6802499890327454,0.8005750179290771,0.9656749963760376,0.00025,72
4.220005512237549,0.3237050771713257,0.5430420637130737,1.0729880332946777,1.018919587135315,0.6967663168907166,0.2026861608028412,0.8878687620162964,0.8258312344551086,0.6675687432289124,0.6705124974250793,0.7866562604904175,0.939175009727478,3.134605646133423,0.14326798915863037,0.267776221036911,0.805518627166748,0.8708569407463074,0.591669499874115,0.09372911602258682,0.9348000288009644,0.9017500281333923,0.7132999897003174,0.6847000122070312,0.8066999912261963,0.9692999720573425,0.00025,73
4.222655296325684,0.32899007201194763,0.5475930571556091,1.0714682340621948,1.017789363861084,0.6952687501907349,0.19972656667232513,0.8855562210083008,0.8259375095367432,0.6674500107765198,0.6705562472343445,0.7855499982833862,0.9394312500953674,3.113658905029297,0.14225603640079498,0.2623176872730255,0.7938648462295532,0.8706204295158386,0.5902070999145508,0.09263511002063751,0.9351500272750854,0.9034749865531921,0.7169749736785889,0.6827999949455261,0.8048499822616577,0.9704499840736389,0.00025,74
4.207952499389648,0.3295418918132782,0.5430296063423157,1.0653924942016602,1.016912817955017,0.6929360628128052,0.19846105575561523,0.8857374787330627,0.8266437649726868,0.6685812473297119,0.6706437468528748,0.7875750064849854,0.9394875168800354,3.100174903869629,0.14268213510513306,0.26006659865379333,0.7843909859657288,0.8729292154312134,0.5888636708259583,0.08955738693475723,0.9352999925613403,0.9039999842643738,0.7196249961853027,0.6814749836921692,0.8061749935150146,0.9706249833106995,0.00025,75
4.209173202514648,0.33026883006095886,0.5408320426940918,1.0622369050979614,1.0182422399520874,0.6950761675834656,0.20088008046150208,0.8866875171661377,0.8287624716758728,0.6684437394142151,0.6703062653541565,0.7859749794006348,0.9393187761306763,3.7673308849334717,0.1706279069185257,0.4795782268047333,0.9906112551689148,0.968819797039032,0.6531214118003845,0.1429315060377121,0.9277499914169312,0.8603500127792358,0.6767500042915344,0.6626499891281128,0.7904000282287598,0.9545999765396118,0.00025,76
4.2060699462890625,0.3259373903274536,0.5457695126533508,1.0633751153945923,1.0141175985336304,0.694166898727417,0.20108038187026978,0.8867937326431274,0.8273749947547913,0.6685624718666077,0.6708999872207642,0.787081241607666,0.9385937452316284,3.111636161804199,0.14898988604545593,0.2630988359451294,0.7833632826805115,0.8689454197883606,0.5935625433921814,0.09200811386108398,0.9334250092506409,0.9017500281333923,0.7218499779701233,0.6845750212669373,0.805899977684021,0.9693999886512756,0.00025,77
4.19213342666626,0.32698896527290344,0.5400302410125732,1.0566633939743042,1.0140889883041382,0.6944968104362488,0.19814665615558624,0.8879625201225281,0.8276249766349792,0.6701499819755554,0.670662522315979,0.7870625257492065,0.9399562478065491,3.0851004123687744,0.1458803415298462,0.2534455358982086,0.7795425057411194,0.865041196346283,0.5876717567443848,0.09174332767724991,0.9345999956130981,0.9064000248908997,0.7233250141143799,0.6868000030517578,0.807325005531311,0.9702249765396118,0.00025,78
4.202697277069092,0.3246033191680908,0.5424675941467285,1.0584217309951782,1.0188465118408203,0.6966826319694519,0.19989527761936188,0.8873624801635742,0.8263624906539917,0.6699812412261963,0.6705562472343445,0.7870062589645386,0.9397812485694885,3.0970354080200195,0.14483310282230377,0.2575833201408386,0.7764906883239746,0.8711345791816711,0.5930745005607605,0.09211495518684387,0.933525025844574,0.905174970626831,0.7212499976158142,0.6842250227928162,0.8059499859809875,0.9694250226020813,0.00025,79
4.190066814422607,0.324550598859787,0.5392822027206421,1.0521962642669678,1.0151349306106567,0.694148600101471,0.20291748642921448,0.8870687484741211,0.8290125131607056,0.6718624830245972,0.6715499758720398,0.7868250012397766,0.9392562508583069,3.072844982147217,0.1421506255865097,0.25359469652175903,0.7706160545349121,0.8660740256309509,0.5872220993041992,0.091271311044693,0.9342749714851379,0.9059500098228455,0.7245000004768372,0.6845750212669373,0.8059499859809875,0.9703500270843506,0.00025,80
4.18113899230957,0.3295881748199463,0.538215160369873,1.0460951328277588,1.0163264274597168,0.6943283081054688,0.19466523826122284,0.8871124982833862,0.8283937573432922,0.6731812357902527,0.6704312562942505,0.7867375016212463,0.9409000277519226,3.1132419109344482,0.14366354048252106,0.26515862345695496,0.7864977717399597,0.8718602657318115,0.5901679396629333,0.09402983635663986,0.9340749979019165,0.9022499918937683,0.7200250029563904,0.6854000091552734,0.8077750205993652,0.9702000021934509,0.00025,81
4.187648773193359,0.3269403874874115,0.5413874387741089,1.0492010116577148,1.0153194665908813,0.6930614709854126,0.19992172718048096,0.8869249820709229,0.8284249901771545,0.67373126745224,0.6704562306404114,0.7860687375068665,0.9393500089645386,3.088052749633789,0.14685745537281036,0.2573573589324951,0.7740924954414368,0.8673213124275208,0.5900872349739075,0.09049858152866364,0.9333500266075134,0.9039750099182129,0.7248499989509583,0.6855499744415283,0.8076249957084656,0.9707000255584717,0.00025,82
4.190514087677002,0.3318455219268799,0.5451244711875916,1.0453072786331177,1.0160499811172485,0.6917365193367004,0.19867593050003052,0.88529372215271,0.8270687460899353,0.6745812296867371,0.6706374883651733,0.787137508392334,0.9407687783241272,3.063539743423462,0.14021354913711548,0.25509947538375854,0.7590581774711609,0.8664524555206299,0.5922166705131531,0.08874719589948654,0.9345750212669373,0.905875027179718,0.7283750176429749,0.6869500279426575,0.8083000183105469,0.9700250029563904,0.00025,83
4.180840969085693,0.32419756054878235,0.538847804069519,1.0443356037139893,1.013828158378601,0.6937981247901917,0.20407341420650482,0.8879562616348267,0.8285812735557556,0.6736437678337097,0.6714812517166138,0.7866062521934509,0.9395750164985657,3.0859084129333496,0.1441231369972229,0.2612568140029907,0.772408127784729,0.8672433495521545,0.5905466079711914,0.08853761851787567,0.9345750212669373,0.9027500152587891,0.7278249859809875,0.6868000030517578,0.8096749782562256,0.9702749848365784,0.00025,84
4.165826797485352,0.3224157691001892,0.5335389375686646,1.0439260005950928,1.0130096673965454,0.6925211548805237,0.19860519468784332,0.887681245803833,0.8302062749862671,0.6745062470436096,0.6716750264167786,0.7870374917984009,0.9404312372207642,3.0874478816986084,0.14131633937358856,0.2558259665966034,0.7645431160926819,0.8716343641281128,0.5934557318687439,0.09885452687740326,0.9343500137329102,0.9043999910354614,0.723924994468689,0.6820499897003174,0.8062750101089478,0.9665250182151794,0.00025,85
4.161283016204834,0.3242633640766144,0.5331248641014099,1.03727388381958,1.0126135349273682,0.6935675740242004,0.19855600595474243,0.8886812329292297,0.8297812342643738,0.6769812703132629,0.6715750098228455,0.7867562770843506,0.9399124979972839,3.059661626815796,0.1446990668773651,0.255714476108551,0.753471851348877,0.8635899424552917,0.5893729329109192,0.09088056534528732,0.933775007724762,0.9044749736785889,0.7273749709129333,0.6873999834060669,0.8076000213623047,0.9696000218391418,0.00025,86
4.145745277404785,0.32240530848503113,0.5286287069320679,1.0353577136993408,1.0123275518417358,0.6888234615325928,0.19634215533733368,0.8889437317848206,0.831475019454956,0.676493763923645,0.6723374724388123,0.7878937721252441,0.9407437443733215,3.060359477996826,0.143753319978714,0.2478116750717163,0.7515217065811157,0.8654084205627441,0.5933232307434082,0.09666772186756134,0.9352499842643738,0.9064499735832214,0.7322250008583069,0.685699999332428,0.8066999912261963,0.9682000279426575,0.00025,87
4.165585994720459,0.3292636275291443,0.5344861149787903,1.0339818000793457,1.0170133113861084,0.6926615834236145,0.19627441465854645,0.8866000175476074,0.8305187225341797,0.6774125099182129,0.6711000204086304,0.7869874835014343,0.9409562349319458,3.072054386138916,0.1428215056657791,0.25509777665138245,0.7654447555541992,0.8632843494415283,0.5882242918014526,0.09512912482023239,0.9347249865531921,0.9057999849319458,0.7299749851226807,0.6895250082015991,0.8082000017166138,0.9697250127792358,0.00025,88
4.162886142730713,0.32687142491340637,0.5309374928474426,1.037599802017212,1.0131068229675293,0.6917294263839722,0.20057843625545502,0.8877437710762024,0.8312625288963318,0.6771312355995178,0.6725624799728394,0.7874687314033508,0.9397812485694885,3.040728807449341,0.1429363340139389,0.25780072808265686,0.7482628226280212,0.8581377863883972,0.5835677981376648,0.08791806548833847,0.9359999895095825,0.9042249917984009,0.7349500060081482,0.6892250180244446,0.8075000047683716,0.9718000292778015,0.00025,89
4.140158176422119,0.3260672390460968,0.5267124176025391,1.0283267498016357,1.0104151964187622,0.6897287368774414,0.19681434333324432,0.8878124952316284,0.8314812779426575,0.6791062355041504,0.672712504863739,0.7885624766349792,0.9405750036239624,3.047966718673706,0.14741568267345428,0.25417232513427734,0.7429386973381042,0.863417387008667,0.5879222750663757,0.09002525359392166,0.9346749782562256,0.9059500098228455,0.7329750061035156,0.6866750121116638,0.8075000047683716,0.9703999757766724,0.00025,90
4.130527019500732,0.32594752311706543,0.5169055461883545,1.0282394886016846,1.0099706649780273,0.6891890168190002,0.1982504427433014,0.8869187235832214,0.8341249823570251,0.6788687705993652,0.6729562282562256,0.7886624932289124,0.9399687647819519,3.13950252532959,0.15359190106391907,0.2820519804954529,0.7774269580841064,0.8769935369491577,0.5946979522705078,0.0926678404211998,0.9304999709129333,0.8971750140190125,0.7193499803543091,0.6808249950408936,0.8064000010490417,0.9691749811172485,0.00025,91
4.182326793670654,0.339579313993454,0.5324100255966187,1.034810185432434,1.0194393396377563,0.6917822957038879,0.20227259397506714,0.8851812481880188,0.8320749998092651,0.6785500049591064,0.6707375049591064,0.7879499793052673,0.939674973487854,3.046083688735962,0.14129666984081268,0.2484978288412094,0.749950647354126,0.8675934672355652,0.5891618728637695,0.0875963345170021,0.9354749917984009,0.9079999923706055,0.7327250242233276,0.6878250241279602,0.8087249994277954,0.970924973487854,0.00025,92
4.167658805847168,0.335812509059906,0.5323761701583862,1.032030701637268,1.0145736932754517,0.6909353733062744,0.19995155930519104,0.8849499821662903,0.831443727016449,0.680581271648407,0.6730562448501587,0.7865062355995178,0.9406625032424927,3.0092124938964844,0.13927249610424042,0.24687077105045319,0.7283638119697571,0.8599355220794678,0.5833529233932495,0.08943387120962143,0.9372000098228455,0.9070500135421753,0.7370499968528748,0.6875,0.8080000281333923,0.9710000157356262,0.00025,93
4.122275352478027,0.3289493918418884,0.5173754096031189,1.0225385427474976,1.0117286443710327,0.6867369413375854,0.1930132359266281,0.8874124884605408,0.8343750238418579,0.6806562542915344,0.6728312373161316,0.7888187766075134,0.9413562417030334,3.0489916801452637,0.14311929047107697,0.25721535086631775,0.7417426109313965,0.8692520260810852,0.5866076350212097,0.08905251324176788,0.9364749789237976,0.9025499820709229,0.7291749715805054,0.6872249841690063,0.8080499768257141,0.9702249765396118,0.00025,94
4.10817289352417,0.3279918432235718,0.5148930549621582,1.0163244009017944,1.0080946683883667,0.6862635016441345,0.19268788397312164,0.8869249820709229,0.8364624977111816,0.681556224822998,0.6741874814033508,0.7888249754905701,0.9418312311172485,3.0511391162872314,0.14603230357170105,0.26115182042121887,0.7407814264297485,0.863517165184021,0.5857844948768616,0.09201695770025253,0.9348999857902527,0.9012500047683716,0.7341499924659729,0.6893500089645386,0.8095750212669373,0.9693999886512756,0.00025,95
4.10328483581543,0.3244257867336273,0.5114262104034424,1.0154749155044556,1.0068070888519287,0.6868064403533936,0.19653435051441193,0.8880375027656555,0.8370375037193298,0.682699978351593,0.6746812462806702,0.7881937623023987,0.9412312507629395,2.9899206161499023,0.13972999155521393,0.24150583148002625,0.720115602016449,0.8557725548744202,0.5822014212608337,0.08875109255313873,0.9350000023841858,0.909850001335144,0.7381749749183655,0.6891000270843506,0.8088499903678894,0.9717749953269958,0.00025,96
4.09528923034668,0.32049795985221863,0.5095226764678955,1.0123953819274902,1.0107026100158691,0.6883869767189026,0.19188617169857025,0.8885124921798706,0.836493730545044,0.6840187311172485,0.6727187633514404,0.7886250019073486,0.9425437450408936,2.988068103790283,0.13851286470890045,0.2406315952539444,0.72491455078125,0.8549569249153137,0.5830873847007751,0.08406906574964523,0.9355499744415283,0.9095749855041504,0.7382500171661377,0.6904500126838684,0.8095750212669373,0.9714999794960022,0.00025,97
4.093688488006592,0.32309404015541077,0.509243905544281,1.0110713243484497,1.009008526802063,0.6881893873214722,0.1912080943584442,0.8877187371253967,0.8372312784194946,0.6847312450408936,0.6721500158309937,0.7879124879837036,0.9422500133514404,3.0988664627075195,0.15073829889297485,0.2661093771457672,0.7553985714912415,0.8686173558235168,0.5930657386779785,0.10303892940282822,0.932449996471405,0.9018750190734863,0.7303249835968018,0.6863750219345093,0.8023750185966492,0.966949999332428,0.00025,98
4.094358921051025,0.32355642318725586,0.5128939747810364,1.0093368291854858,1.0067676305770874,0.685361385345459,0.19457878172397614,0.887556254863739,0.8360499739646912,0.6858312487602234,0.6734750270843506,0.7895812392234802,0.9419562220573425,3.0079145431518555,0.1408262401819229,0.24462006986141205,0.7326818108558655,0.8542113304138184,0.5830044746398926,0.09070742875337601,0.9348000288009644,0.90829998254776,0.7398250102996826,0.6907749772071838,0.808775007724762,0.971750020980835,0.00025,99
4.084962368011475,0.3202005922794342,0.5105935335159302,1.0077792406082153,1.0058311223983765,0.6857079863548279,0.19295892119407654,0.889106273651123,0.8354125022888184,0.6856124997138977,0.6737937331199646,0.7885875105857849,0.9416624903678894,2.9697585105895996,0.1420179158449173,0.23628659546375275,0.7085474133491516,0.8534905314445496,0.5807360410690308,0.08678089827299118,0.9341250061988831,0.9112250208854675,0.7435250282287598,0.6910750269889832,0.8091999888420105,0.9714000225067139,0.00025,100
